Precipitation,Cucumbers
22,0.36
6,0.09
93,0.67
62,0.44
84,0.72
14,0.24
52,0.33
69,0.61
104,0.66
100,0.8
41,0.47
85,0.6
90,0.51
27,0.14
18,0.32
48,0.21
37,0.54
67,0.7
56,0.67
31,0.42
17,0.39
7,0.25
2,0.06
53,0.47
70,0.55
6,0.07
90,0.69
46,0.42
36,0.39
14,0.09
60,0.54
103,0.74
43,0.64
22,0.5
75,0.39
29,0.3
76,0.61
20,0.29
29,0.38
50,0.53
59,0.58
70,0.62
81,0.66
93,0.69
99,0.71
14,0.14
51,0.41
75,0.66
6,0.18
20,0.21
36,0.29
50,0.56
9,0.13
2,0.1
21,0.18
17,0.17
87,0.63
97,0.66
33,0.18
20,0.06
96,0.58
61,0.42
