scan,age,length
1,45,2.44949
2,46,3
3,48,3.16228
4,48,3.4641
5,49,3
6,50,3.31662
7,51,3.16228
8,51,3.74166
9,52,3.60555
10,53,4.12311
11,54,4
12,54,3.74166
13,55,4
14,55,3.60555
15,56,3.87298
16,57,4.58258
17,57,4.3589
18,57,4
19,58,4.3589
20,58,4.12311
21,59,4.3589
22,60,4.3589
23,60,4.58258
24,61,4.58258
25,61,4.47214
26,62,4.69042
27,62,4.69042
28,63,5.2915
29,64,5
30,64,5.2915
31,65,4.69042
32,65,5.19615
33,66,5.2915
34,67,5.83095
35,67,5.65685
36,68,5.65685
37,68,5.38516
38,68,5.56776
39,69,5.47723
40,69,5.2915
41,69,5.38516
42,70,5.47723
43,71,5.83095
44,71,5.65685
45,72,5.74456
46,72,5.65685
47,73,6.16441
48,73,5.74456
49,74,5.56776
50,74,6.55744
51,75,7.07107
52,76,5.83095
53,76,6.16441
54,76,6.48074
55,77,7
56,78,7.2111
57,78,6.7082
58,79,6.85565
59,79,7.07107
60,80,7.2111
61,80,7
62,81,7.07107
63,81,7.34847
64,82,6.9282
65,83,7.28011
66,83,7.28011
67,84,7.54983
68,85,7.2111
69,85,7.48331
70,86,7.81025
71,86,7.4162
72,87,7.81025
73,88,8.3666
74,89,8.3666
75,90,7.74597
76,91,8.42615
77,92,8.544
78,92,8.42615
79,93,8.18535
80,94,8.7178
81,96,8.83176
82,98,8.83176
83,98,9.21954
84,100,9.48683
